id,x,y,z,standAttack
1,180.924683,-203.461624,509.829346,0
1,191.497421,189.603668,516.246033,0
1,644.143433,-178.518265,513.992798,0
1,634.918823,180.040436,507.424622,0
2,-637.871643,179.317093,517.162170,0
2,-181.901581,175.704849,515.244934,0
2,-173.694809,-192.256332,514.814026,0
2,-636.318970,-177.030426,518.648743,0
3,410.913513,276.901062,194.907455,0
3,411.146088,-272.423096,186.059708,0
4,-410.721497,-275.861572,160.498566,0
4,-407.439392,271.584869,161.060303,0
